-- Tabela Jogador
INSERT INTO Jogador (id_jogador, nome_jogador, email_jogador, telefone_jogador, posicao_preferida, pontuacao, assistencias, rebotes, roubos, bloqueios, qtd_partidas) VALUES
(1, 'LUCAS MORAES', 'lucas@email.com', '99999-0001', 'Armador', 25, 5, 4, 2, 1, 6),
(2, 'RAFAEL LIMA', 'rafael@email.com', '99999-0002', 'Ala', 30, 3, 5, 1, 0, 8),
(3, 'GABRIEL SOUZA', 'gabriel@email.com', '99999-0003', 'Piv么', 18, 2, 10, 1, 2, 10),
(4, 'BRUNO COSTA', 'bruno@email.com', '99999-0010', 'Ala-Armador', 28, 5, 4, 3, 1, 8),
(5, 'JOAO CARVALHO', 'joao@email.com', '99999-0005', 'Ala-Piv么', 22, 6, 8, 1, 1, 8),
(6, 'MATEUS FERREIRA', 'mateus@email.com', '99999-0006', 'Armador', 26, 7, 3, 2, 1, 8),
(7, 'TIAGO RIBEIRO', 'tiago@email.com', '99999-0007', 'Ala', 24, 4, 5, 2, 1, 10),
(8, 'CAIO MENDES', 'caio@email.com', '99999-0008', 'Piv么', 19, 3, 9, 1, 2, 8),
(9, 'FELIPE BARROS', 'felipe@email.com', '99999-0009', 'Armador', 21, 6, 3, 2, 1, 4),
(10, 'DANIEL PEREIRA', 'daniel@email.com', '99999-0011', 'Ala-Piv么', 23, 4, 7, 1, 1, 6);

-- Tabela Jogo
INSERT INTO Jogo (id_jogo, status, qtd_max_jogador, qtd_min_jogador, data_jogo, valor_total, local, horario_inicio, horario_termino, data_abertura_confirmacao, data_encerramento_confirmacao) VALUES
(1, 'ENCERRADO', 10, 6, '2024-03-05', 120.00, 'Quadra Central', '18:00', '19:30', '2024-02-20', '2024-03-03'),
(2, 'ENCERRADO', 10, 6, '2024-05-20', 120.00, 'Quadra Norte', '17:00', '18:30', '2024-05-01', '2024-05-18'),
(3, 'ENCERRADO', 10, 6, '2025-06-11', 140.00, 'Quadra Sul', '19:00', '20:45', '2025-05-31', '2025-06-09'),
(4, 'ENCERRADO', 12, 8, '2025-07-10', 180.00, 'Quadra Leste', '18:30', '20:00', '2025-06-28', '2025-07-08'),
(5, 'ENCERRADO', 12, 8, '2025-07-20', 180.00, 'Quadra Oeste', '19:00', '20:45', '2025-07-11', '2025-07-18'),
(6, 'ABERTO', 10, 6, '2025-11-14', 150.00, 'Quadra Central', '17:30', '19:00', '2025-11-05', '2025-11-12'),
(7, 'ABERTO', 10, 6, '2025-11-19', 150.00, 'Quadra Norte', '18:00', '19:30', '2025-11-11', '2025-11-18'),
(8, 'ABERTO', 12, 8, '2025-11-20', 120.00, 'Quadra Oeste', '17:30','19:00', '2025-11-12', '2025-11-18'),
(9, 'ABERTO', 10, 6, '2025-11-22', 150.00, 'Quadra Sul', '18:00','19:30', '2025-11-13', '2025-11-20'),
(10, 'ABERTO', 10, 6, '2025-11-30', 180.00, 'Quadra Norte', '18:00','20:00', '2025-11-22', '2025-11-28');

-- Tabela Paga
INSERT INTO Paga (id_jogador, id_jogo, valor_pago, data_pagamento) VALUES
(1, 1, 15.00, '2024-03-04'),
(2, 1, 15.00, '2024-03-04'),
(3, 1, 15.00, '2024-03-04'),
(4, 1, 15.00, '2024-03-04'),
(5, 1, 15.00, '2024-03-04'),
(6, 1, 15.00, '2024-03-04'),
(7, 1, 15.00, '2024-03-04'),
(8, 1, 15.00, '2024-03-04'),
(1, 2, 20.00, '2024-05-19'),
(2, 2, 20.00, '2024-05-19'),
(3, 2, 20.00, '2024-05-19'),
(4, 2, 20.00, '2024-05-19'),
(7, 2, 20.00, '2024-05-19'),
(10, 2, 20.00, '2024-05-19'),
(3, 3, 17.50, '2025-06-10'),
(4, 3, 17.50, '2025-06-10'),
(5, 3, 17.50, '2025-06-10'),
(6, 3, 17.50, '2025-06-10'),
(7, 3, 17.50, '2025-06-10'),
(8, 3, 17.50, '2025-06-10'),
(9, 3, 17.50, '2025-06-10'),
(10, 3, 17.50, '2025-06-10'),
(2, 4, 22.50, '2025-07-09'),
(3, 4, 22.50, '2025-07-09'),
(4, 4, 22.50, '2025-07-09'),
(5, 4, 22.50, '2025-07-09'),
(6, 4, 22.50, '2025-07-09'),
(7, 4, 22.50, '2025-07-09'),
(8, 4, 22.50, '2025-07-09'),
(9, 4, 22.50, '2025-07-09'),
(1, 5, 22.50, '2025-07-19'),
(2, 5, 22.50, '2025-07-19'),
(3, 5, 22.50, '2025-07-19'),
(5, 5, 22.50, '2025-07-19'),
(6, 5, 22.50, '2025-07-19'),
(7, 5, 22.50, '2025-07-19'),
(8, 5, 22.50, '2025-07-19'),
(10, 5, 22.50, '2025-07-19');

-- Tabela Participacao
INSERT INTO Participacao (id_jogador, id_jogo, data_confirmacao) VALUES
(1, 1, '2024-02-25'),
(2, 1, '2024-02-26'),
(3, 1, '2024-02-27'),
(4, 1, '2024-02-28'),
(5, 1, '2024-02-29'),
(6, 1, '2024-03-01'),
(7, 1, '2024-03-02'),
(8, 1, '2024-03-03'),
(1, 2, '2024-05-05'),
(2, 2, '2024-05-05'),
(3, 2, '2024-05-07'),
(4, 2, '2024-05-08'),
(7, 2, '2024-05-09'),
(10, 2, '2024-05-12'),
(3, 3, '2025-06-02'),
(4, 3, '2025-06-03'),
(5, 3, '2025-06-04'),
(6, 3, '2025-06-05'),
(7, 3, '2025-06-05'),
(8, 3, '2025-06-06'),
(9, 3, '2025-06-07'),
(10, 3, '2025-06-08'),
(2, 4, '2025-06-28'),
(3, 4, '2025-06-28'),
(4, 4, '2025-07-01'),
(5, 4, '2025-07-02'),
(6, 4, '2025-07-03'),
(7, 4, '2025-07-04'),
(8, 4, '2025-07-06'),
(9, 4, '2025-07-08'),
(1, 5, '2025-07-11'),
(2, 5, '2025-07-12'),
(3, 5, '2025-07-13'),
(5, 5, '2025-07-14'),
(6, 5, '2025-07-15'),
(7, 5, '2025-07-16'),
(8, 5, '2025-07-16'),
(10, 5, '2025-07-18');

-- Tabela Time
INSERT INTO Time (id_time, nome_time) VALUES
(1, 'RAPTORS'),
(2, 'WOLVES'),
(3, 'HAWKS'),
(4, 'TITANS'),
(5, 'BEARS'),
(6, 'GIANTS'),
(7, 'VIKINGS'),
(8, 'TEXANS'),
(9, 'LIONS'),
(10, 'EAGLES');

-- Tabela Partida
INSERT INTO Partida (id_partida, pontuacao_total_1, pontuacao_total_2, resultado, id_jogo) VALUES
(1, 80, 75, 'TIME1', 1),
(2, 68, 72, 'TIME2', 1),
(3, 85, 60, 'TIME1', 2),
(4, 70, 77, 'TIME2', 2),
(5, 66, 61, 'TIME1', 3),
(6, 59, 63, 'TIME2', 3),
(7, 78, 77, 'TIME1', 4),
(8, 88, 80, 'TIME1', 4),
(9, 30, 25, 'TIME1', 5),
(10, 42, 50, 'TIME2', 5);

-- Tabela formacao_time
INSERT INTO Formacao_Time (id_jogo, id_jogador, id_time) VALUES
(1, 1, 1),
(1, 2, 1),
(1, 3, 1),
(1, 4, 1),
(1, 5, 2),
(1, 6, 2),
(1, 7, 2),
(1, 8, 2),
(2, 1, 3),
(2, 2, 4),
(2, 3, 3),
(2, 4, 4),
(2, 7, 3),
(2, 10, 4),
(3, 3, 5),
(3, 4, 5),
(3, 5, 5),
(3, 6, 5),
(3, 7, 6),
(3, 8, 6),
(3, 9, 6),
(3, 10, 6),
(4, 2, 8),
(4, 3, 7),
(4, 4, 7),
(4, 5, 7),
(4, 6, 8),
(4, 7, 8),
(4, 8, 7),
(4, 9, 8),
(5, 1, 9),
(5, 2, 10),
(5, 3, 9),
(5, 5, 10),
(5, 6, 9),
(5, 7, 9),
(5, 8, 10),
(5, 10, 10);

-- Tabela time_partida
INSERT INTO Time_Partida (id_time, id_partida, resultado, pontuacao_total) VALUES
(1, 1, 'VITORIA', 80),
(2, 1, 'DERROTA', 75),
(2, 2, 'VITORIA', 72),
(1, 2, 'DERROTA', 68),
(3, 3, 'VITORIA', 85),
(4, 3, 'DERROTA', 60),
(3, 4, 'DERROTA', 70),
(4, 4, 'VITORIA', 77),
(5, 5, 'DERROTA', 61),
(6, 5, 'VITORIA', 66),
(5, 6, 'VITORIA', 63),
(6, 6, 'DERROTA', 59),
(7, 7, 'DERROTA', 77),
(8, 7, 'VITORIA', 78),
(7, 8, 'VITORIA', 88),
(8, 8, 'DERROTA', 80),
(9, 9, 'DERROTA', 25),
(10, 9, 'VITORIA', 30),
(9, 10, 'DERROTA', 42),
(10, 10, 'VITORIA', 50);

-- Tabela Estatistica
INSERT INTO Estatistica (id_jogador, id_partida, id_time, roubos, pontuacao, assistencia, bloqueios, rebotes) VALUES
(1, 1, 1, 2, 25, 5, 1, 4),
(2, 1, 1, 1, 14, 3, 0, 5),
(3, 1, 1, 2, 11, 5, 3, 4),
(4, 1, 1, 1, 30, 3, 0, 5),
(5, 1, 2, 1, 18, 2, 2, 10),
(6, 1, 2, 0, 15, 4, 1, 3),
(7, 1, 2, 2, 22, 2, 0, 4),
(8, 1, 2, 2, 15, 2, 1, 4),
(1, 2, 1, 2, 17, 5, 1, 4),
(2, 2, 1, 1, 12, 3, 0, 5),
(3, 2, 1, 2, 13, 5, 3, 4),
(4, 2, 1, 1, 26, 3, 0, 5),
(5, 2, 2, 1, 22, 2, 2, 10),
(6, 2, 2, 0, 15, 4, 1, 3),
(7, 2, 2, 2, 20, 2, 0, 4),
(8, 2, 2, 2, 15, 2, 1, 4),
(1, 3, 3, 1, 30, 3, 0, 5),
(2, 3, 4, 1, 15, 2, 1, 4),
(3, 3, 3, 2, 27, 4, 1, 6),
(4, 3, 4, 1, 23, 3, 0, 5),
(7, 3, 3, 1, 28, 2, 1, 4),
(10, 3, 4, 2, 22, 4, 1, 6),
(1, 4, 3, 1, 20, 3, 0, 5),
(2, 4, 4, 1, 29, 2, 1, 4),
(3, 4, 3, 2, 26, 4, 1, 6),
(4, 4, 4, 1, 31, 3, 0, 5),
(7, 4, 3, 1, 24, 2, 1, 4),
(10, 4, 4, 2, 17, 4, 1, 6),
(3, 5, 5, 1, 15, 3, 1, 5),
(4, 5, 5, 1, 15, 2, 2, 7),
(5, 5, 5, 2, 15, 6, 0, 8),
(6, 5, 5, 1, 16, 3, 1, 5),
(7, 5, 6, 1, 20, 2, 2, 7),
(8, 5, 6, 2, 16, 6, 0, 8),
(9, 5, 6, 1, 14, 3, 1, 5),
(10, 5, 6, 1, 16, 2, 2, 7),
(3, 6, 5, 2, 15, 6, 0, 8),
(4, 6, 5, 1, 19, 3, 1, 5),
(5, 6, 5, 1, 14, 2, 2, 7),
(6, 6, 5, 2, 15, 6, 0, 8),
(7, 6, 6, 1, 12, 3, 1, 5),
(8, 6, 6, 1, 18, 2, 2, 7),
(9, 6, 6, 2, 11, 6, 0, 8),
(10, 6, 6, 1, 18, 3, 1, 5),
(2, 7, 8, 1, 23, 4, 0, 2),
(3, 7, 7, 2, 22, 5, 1, 6),
(4, 7, 7, 0, 18, 3, 1, 5),
(5, 7, 7, 1, 20, 4, 0, 2),
(6, 7, 8, 2, 18, 5, 1, 6),
(7, 7, 8, 0, 20, 3, 1, 5),
(8, 7, 7, 1, 17, 4, 0, 2),
(9, 7, 8, 2, 17, 5, 1, 6),
(2, 8, 8, 0, 20, 3, 1, 5),
(3, 8, 7, 1, 30, 4, 0, 2),
(4, 8, 7, 2, 25, 5, 1, 6),
(5, 8, 7, 0, 18, 3, 1, 5),
(6, 8, 8, 1, 20, 4, 0, 2),
(7, 8, 8, 2, 20, 5, 1, 6),
(8, 8, 7, 0, 15, 3, 1, 5),
(9, 8, 8, 1, 20, 4, 0, 2),
(1, 9, 9, 1, 7, 3, 1, 4),
(2, 9, 10, 0, 10, 6, 1, 7),
(3, 9, 9, 1, 0, 4, 0, 6),
(5, 9, 10, 1, 6, 3, 1, 4),
(6, 9, 9, 0, 9, 6, 1, 7),
(7, 9, 9, 1, 9, 4, 0, 6),
(8, 9, 10, 1, 5, 3, 1, 4),
(10, 9, 10, 0, 9, 6, 1, 7),
(1, 10, 9, 1, 16, 4, 0, 6),
(2, 10, 10, 1, 20, 3, 1, 4),
(3, 10, 9, 0, 17, 6, 1, 7),
(5, 10, 10, 1, 16, 4, 0, 6),
(6, 10, 9, 1, 4, 3, 1, 4),
(7, 10, 9, 0, 5, 6, 1, 7),
(8, 10, 10, 10, 2, 4, 0, 6),
(10, 10, 10, 2, 12, 4, 0, 6);
